Freq [GHz],Inductance []
0.001,2.142819048547E-09
0.0055,2.142819048547E-09
0.01,2.14090683402512E-09
0.055,2.13064396272758E-09
0.1,2.13034991013408E-09
1.55,2.11549707100125E-09
2.275,2.09491041117686E-09
3,2.06085751274814E-09
